observation_date,FEDFUNDS,CPIAUCSL,USREC
1854-12-01,,,1
1855-01-01,,,0
1855-02-01,,,0
1855-03-01,,,0
1855-04-01,,,0
1855-05-01,,,0
1855-06-01,,,0
1855-07-01,,,0
1855-08-01,,,0
1855-09-01,,,0
1855-10-01,,,0
1855-11-01,,,0
1855-12-01,,,0
1856-01-01,,,0
1856-02-01,,,0
1856-03-01,,,0
1856-04-01,,,0
1856-05-01,,,0
1856-06-01,,,0
1856-07-01,,,0
1856-08-01,,,0
1856-09-01,,,0
1856-10-01,,,0
1856-11-01,,,0
1856-12-01,,,0
1857-01-01,,,0
1857-02-01,,,0
1857-03-01,,,0
1857-04-01,,,0
1857-05-01,,,0
1857-06-01,,,0
1857-07-01,,,1
1857-08-01,,,1
1857-09-01,,,1
1857-10-01,,,1
1857-11-01,,,1
1857-12-01,,,1
1858-01-01,,,1
1858-02-01,,,1
1858-03-01,,,1
1858-04-01,,,1
1858-05-01,,,1
1858-06-01,,,1
1858-07-01,,,1
1858-08-01,,,1
1858-09-01,,,1
1858-10-01,,,1
1858-11-01,,,1
1858-12-01,,,1
1859-01-01,,,0
1859-02-01,,,0
1859-03-01,,,0
1859-04-01,,,0
1859-05-01,,,0
1859-06-01,,,0
1859-07-01,,,0
1859-08-01,,,0
1859-09-01,,,0
1859-10-01,,,0
1859-11-01,,,0
1859-12-01,,,0
1860-01-01,,,0
1860-02-01,,,0
1860-03-01,,,0
1860-04-01,,,0
1860-05-01,,,0
1860-06-01,,,0
1860-07-01,,,0
1860-08-01,,,0
1860-09-01,,,0
1860-10-01,,,0
1860-11-01,,,1
1860-12-01,,,1
1861-01-01,,,1
1861-02-01,,,1
1861-03-01,,,1
1861-04-01,,,1
1861-05-01,,,1
1861-06-01,,,1
1861-07-01,,,0
1861-08-01,,,0
1861-09-01,,,0
1861-10-01,,,0
1861-11-01,,,0
1861-12-01,,,0
1862-01-01,,,0
1862-02-01,,,0
1862-03-01,,,0
1862-04-01,,,0
1862-05-01,,,0
1862-06-01,,,0
1862-07-01,,,0
1862-08-01,,,0
1862-09-01,,,0
1862-10-01,,,0
1862-11-01,,,0
1862-12-01,,,0
1863-01-01,,,0
1863-02-01,,,0
1863-03-01,,,0
1863-04-01,,,0
1863-05-01,,,0
1863-06-01,,,0
1863-07-01,,,0
1863-08-01,,,0
1863-09-01,,,0
1863-10-01,,,0
1863-11-01,,,0
1863-12-01,,,0
1864-01-01,,,0
1864-02-01,,,0
1864-03-01,,,0
1864-04-01,,,0
1864-05-01,,,0
1864-06-01,,,0
1864-07-01,,,0
1864-08-01,,,0
1864-09-01,,,0
1864-10-01,,,0
1864-11-01,,,0
1864-12-01,,,0
1865-01-01,,,0
1865-02-01,,,0
1865-03-01,,,0
1865-04-01,,,0
1865-05-01,,,1
1865-06-01,,,1
1865-07-01,,,1
1865-08-01,,,1
1865-09-01,,,1
1865-10-01,,,1
1865-11-01,,,1
1865-12-01,,,1
1866-01-01,,,1
1866-02-01,,,1
1866-03-01,,,1
1866-04-01,,,1
1866-05-01,,,1
1866-06-01,,,1
1866-07-01,,,1
1866-08-01,,,1
1866-09-01,,,1
1866-10-01,,,1
1866-11-01,,,1
1866-12-01,,,1
1867-01-01,,,1
1867-02-01,,,1
1867-03-01,,,1
1867-04-01,,,1
1867-05-01,,,1
1867-06-01,,,1
1867-07-01,,,1
1867-08-01,,,1
1867-09-01,,,1
1867-10-01,,,1
1867-11-01,,,1
1867-12-01,,,1
1868-01-01,,,0
1868-02-01,,,0
1868-03-01,,,0
1868-04-01,,,0
1868-05-01,,,0
1868-06-01,,,0
1868-07-01,,,0
1868-08-01,,,0
1868-09-01,,,0
1868-10-01,,,0
1868-11-01,,,0
1868-12-01,,,0
1869-01-01,,,0
1869-02-01,,,0
1869-03-01,,,0
1869-04-01,,,0
1869-05-01,,,0
1869-06-01,,,0
1869-07-01,,,1
1869-08-01,,,1
1869-09-01,,,1
1869-10-01,,,1
1869-11-01,,,1
1869-12-01,,,1
1870-01-01,,,1
1870-02-01,,,1
1870-03-01,,,1
1870-04-01,,,1
1870-05-01,,,1
1870-06-01,,,1
1870-07-01,,,1
1870-08-01,,,1
1870-09-01,,,1
1870-10-01,,,1
1870-11-01,,,1
1870-12-01,,,1
1871-01-01,,,0
1871-02-01,,,0
1871-03-01,,,0
1871-04-01,,,0
1871-05-01,,,0
1871-06-01,,,0
1871-07-01,,,0
1871-08-01,,,0
1871-09-01,,,0
1871-10-01,,,0
1871-11-01,,,0
1871-12-01,,,0
1872-01-01,,,0
1872-02-01,,,0
1872-03-01,,,0
1872-04-01,,,0
1872-05-01,,,0
1872-06-01,,,0
1872-07-01,,,0
1872-08-01,,,0
1872-09-01,,,0
1872-10-01,,,0
1872-11-01,,,0
1872-12-01,,,0
1873-01-01,,,0
1873-02-01,,,0
1873-03-01,,,0
1873-04-01,,,0
1873-05-01,,,0
1873-06-01,,,0
1873-07-01,,,0
1873-08-01,,,0
1873-09-01,,,0
1873-10-01,,,0
1873-11-01,,,1
1873-12-01,,,1
1874-01-01,,,1
1874-02-01,,,1
1874-03-01,,,1
1874-04-01,,,1
1874-05-01,,,1
1874-06-01,,,1
1874-07-01,,,1
1874-08-01,,,1
1874-09-01,,,1
1874-10-01,,,1
1874-11-01,,,1
1874-12-01,,,1
1875-01-01,,,1
1875-02-01,,,1
1875-03-01,,,1
1875-04-01,,,1
1875-05-01,,,1
1875-06-01,,,1
1875-07-01,,,1
1875-08-01,,,1
1875-09-01,,,1
1875-10-01,,,1
1875-11-01,,,1
1875-12-01,,,1
1876-01-01,,,1
1876-02-01,,,1
1876-03-01,,,1
1876-04-01,,,1
1876-05-01,,,1
1876-06-01,,,1
1876-07-01,,,1
1876-08-01,,,1
1876-09-01,,,1
1876-10-01,,,1
1876-11-01,,,1
1876-12-01,,,1
1877-01-01,,,1
1877-02-01,,,1
1877-03-01,,,1
1877-04-01,,,1
1877-05-01,,,1
1877-06-01,,,1
1877-07-01,,,1
1877-08-01,,,1
1877-09-01,,,1
1877-10-01,,,1
1877-11-01,,,1
1877-12-01,,,1
1878-01-01,,,1
1878-02-01,,,1
1878-03-01,,,1
1878-04-01,,,1
1878-05-01,,,1
1878-06-01,,,1
1878-07-01,,,1
1878-08-01,,,1
1878-09-01,,,1
1878-10-01,,,1
1878-11-01,,,1
1878-12-01,,,1
1879-01-01,,,1
1879-02-01,,,1
1879-03-01,,,1
1879-04-01,,,0
1879-05-01,,,0
1879-06-01,,,0
1879-07-01,,,0
1879-08-01,,,0
1879-09-01,,,0
1879-10-01,,,0
1879-11-01,,,0
1879-12-01,,,0
1880-01-01,,,0
1880-02-01,,,0
1880-03-01,,,0
1880-04-01,,,0
1880-05-01,,,0
1880-06-01,,,0
1880-07-01,,,0
1880-08-01,,,0
1880-09-01,,,0
1880-10-01,,,0
1880-11-01,,,0
1880-12-01,,,0
1881-01-01,,,0
1881-02-01,,,0
1881-03-01,,,0
1881-04-01,,,0
1881-05-01,,,0
1881-06-01,,,0
1881-07-01,,,0
1881-08-01,,,0
1881-09-01,,,0
1881-10-01,,,0
1881-11-01,,,0
1881-12-01,,,0
1882-01-01,,,0
1882-02-01,,,0
1882-03-01,,,0
1882-04-01,,,1
1882-05-01,,,1
1882-06-01,,,1
1882-07-01,,,1
1882-08-01,,,1
1882-09-01,,,1
1882-10-01,,,1
1882-11-01,,,1
1882-12-01,,,1
1883-01-01,,,1
1883-02-01,,,1
1883-03-01,,,1
1883-04-01,,,1
1883-05-01,,,1
1883-06-01,,,1
1883-07-01,,,1
1883-08-01,,,1
1883-09-01,,,1
1883-10-01,,,1
1883-11-01,,,1
1883-12-01,,,1
1884-01-01,,,1
1884-02-01,,,1
1884-03-01,,,1
1884-04-01,,,1
1884-05-01,,,1
1884-06-01,,,1
1884-07-01,,,1
1884-08-01,,,1
1884-09-01,,,1
1884-10-01,,,1
1884-11-01,,,1
1884-12-01,,,1
1885-01-01,,,1
1885-02-01,,,1
1885-03-01,,,1
1885-04-01,,,1
1885-05-01,,,1
1885-06-01,,,0
1885-07-01,,,0
1885-08-01,,,0
1885-09-01,,,0
1885-10-01,,,0
1885-11-01,,,0
1885-12-01,,,0
1886-01-01,,,0
1886-02-01,,,0
1886-03-01,,,0
1886-04-01,,,0
1886-05-01,,,0
1886-06-01,,,0
1886-07-01,,,0
1886-08-01,,,0
1886-09-01,,,0
1886-10-01,,,0
1886-11-01,,,0
1886-12-01,,,0
1887-01-01,,,0
1887-02-01,,,0
1887-03-01,,,0
1887-04-01,,,1
1887-05-01,,,1
1887-06-01,,,1
1887-07-01,,,1
1887-08-01,,,1
1887-09-01,,,1
1887-10-01,,,1
1887-11-01,,,1
1887-12-01,,,1
1888-01-01,,,1
1888-02-01,,,1
1888-03-01,,,1
1888-04-01,,,1
1888-05-01,,,0
1888-06-01,,,0
1888-07-01,,,0
1888-08-01,,,0
1888-09-01,,,0
1888-10-01,,,0
1888-11-01,,,0
1888-12-01,,,0
1889-01-01,,,0
1889-02-01,,,0
1889-03-01,,,0
1889-04-01,,,0
1889-05-01,,,0
1889-06-01,,,0
1889-07-01,,,0
1889-08-01,,,0
1889-09-01,,,0
1889-10-01,,,0
1889-11-01,,,0
1889-12-01,,,0
1890-01-01,,,0
1890-02-01,,,0
1890-03-01,,,0
1890-04-01,,,0
1890-05-01,,,0
1890-06-01,,,0
1890-07-01,,,0
1890-08-01,,,1
1890-09-01,,,1
1890-10-01,,,1
1890-11-01,,,1
1890-12-01,,,1
1891-01-01,,,1
1891-02-01,,,1
1891-03-01,,,1
1891-04-01,,,1
1891-05-01,,,1
1891-06-01,,,0
1891-07-01,,,0
1891-08-01,,,0
1891-09-01,,,0
1891-10-01,,,0
1891-11-01,,,0
1891-12-01,,,0
1892-01-01,,,0
1892-02-01,,,0
1892-03-01,,,0
1892-04-01,,,0
1892-05-01,,,0
1892-06-01,,,0
1892-07-01,,,0
1892-08-01,,,0
1892-09-01,,,0
1892-10-01,,,0
1892-11-01,,,0
1892-12-01,,,0
1893-01-01,,,0
1893-02-01,,,1
1893-03-01,,,1
1893-04-01,,,1
1893-05-01,,,1
1893-06-01,,,1
1893-07-01,,,1
1893-08-01,,,1
1893-09-01,,,1
1893-10-01,,,1
1893-11-01,,,1
1893-12-01,,,1
1894-01-01,,,1
1894-02-01,,,1
1894-03-01,,,1
1894-04-01,,,1
1894-05-01,,,1
1894-06-01,,,1
1894-07-01,,,0
1894-08-01,,,0
1894-09-01,,,0
1894-10-01,,,0
1894-11-01,,,0
1894-12-01,,,0
1895-01-01,,,0
1895-02-01,,,0
1895-03-01,,,0
1895-04-01,,,0
1895-05-01,,,0
1895-06-01,,,0
1895-07-01,,,0
1895-08-01,,,0
1895-09-01,,,0
1895-10-01,,,0
1895-11-01,,,0
1895-12-01,,,0
1896-01-01,,,1
1896-02-01,,,1
1896-03-01,,,1
1896-04-01,,,1
1896-05-01,,,1
1896-06-01,,,1
1896-07-01,,,1
1896-08-01,,,1
1896-09-01,,,1
1896-10-01,,,1
1896-11-01,,,1
1896-12-01,,,1
1897-01-01,,,1
1897-02-01,,,1
1897-03-01,,,1
1897-04-01,,,1
1897-05-01,,,1
1897-06-01,,,1
1897-07-01,,,0
1897-08-01,,,0
1897-09-01,,,0
1897-10-01,,,0
1897-11-01,,,0
1897-12-01,,,0
1898-01-01,,,0
1898-02-01,,,0
1898-03-01,,,0
1898-04-01,,,0
1898-05-01,,,0
1898-06-01,,,0
1898-07-01,,,0
1898-08-01,,,0
1898-09-01,,,0
1898-10-01,,,0
1898-11-01,,,0
1898-12-01,,,0
1899-01-01,,,0
1899-02-01,,,0
1899-03-01,,,0
1899-04-01,,,0
1899-05-01,,,0
1899-06-01,,,0
1899-07-01,,,1
1899-08-01,,,1
1899-09-01,,,1
1899-10-01,,,1
1899-11-01,,,1
1899-12-01,,,1
1900-01-01,,,1
1900-02-01,,,1
1900-03-01,,,1
1900-04-01,,,1
1900-05-01,,,1
1900-06-01,,,1
1900-07-01,,,1
1900-08-01,,,1
1900-09-01,,,1
1900-10-01,,,1
1900-11-01,,,1
1900-12-01,,,1
1901-01-01,,,0
1901-02-01,,,0
1901-03-01,,,0
1901-04-01,,,0
1901-05-01,,,0
1901-06-01,,,0
1901-07-01,,,0
1901-08-01,,,0
1901-09-01,,,0
1901-10-01,,,0
1901-11-01,,,0
1901-12-01,,,0
1902-01-01,,,0
1902-02-01,,,0
1902-03-01,,,0
1902-04-01,,,0
1902-05-01,,,0
1902-06-01,,,0
1902-07-01,,,0
1902-08-01,,,0
1902-09-01,,,0
1902-10-01,,,1
1902-11-01,,,1
1902-12-01,,,1
1903-01-01,,,1
1903-02-01,,,1
1903-03-01,,,1
1903-04-01,,,1
1903-05-01,,,1
1903-06-01,,,1
1903-07-01,,,1
1903-08-01,,,1
1903-09-01,,,1
1903-10-01,,,1
1903-11-01,,,1
1903-12-01,,,1
1904-01-01,,,1
1904-02-01,,,1
1904-03-01,,,1
1904-04-01,,,1
1904-05-01,,,1
1904-06-01,,,1
1904-07-01,,,1
1904-08-01,,,1
1904-09-01,,,0
1904-10-01,,,0
1904-11-01,,,0
1904-12-01,,,0
1905-01-01,,,0
1905-02-01,,,0
1905-03-01,,,0
1905-04-01,,,0
1905-05-01,,,0
1905-06-01,,,0
1905-07-01,,,0
1905-08-01,,,0
1905-09-01,,,0
1905-10-01,,,0
1905-11-01,,,0
1905-12-01,,,0
1906-01-01,,,0
1906-02-01,,,0
1906-03-01,,,0
1906-04-01,,,0
1906-05-01,,,0
1906-06-01,,,0
1906-07-01,,,0
1906-08-01,,,0
1906-09-01,,,0
1906-10-01,,,0
1906-11-01,,,0
1906-12-01,,,0
1907-01-01,,,0
1907-02-01,,,0
1907-03-01,,,0
1907-04-01,,,0
1907-05-01,,,0
1907-06-01,,,1
1907-07-01,,,1
1907-08-01,,,1
1907-09-01,,,1
1907-10-01,,,1
1907-11-01,,,1
1907-12-01,,,1
1908-01-01,,,1
1908-02-01,,,1
1908-03-01,,,1
1908-04-01,,,1
1908-05-01,,,1
1908-06-01,,,1
1908-07-01,,,0
1908-08-01,,,0
1908-09-01,,,0
1908-10-01,,,0
1908-11-01,,,0
1908-12-01,,,0
1909-01-01,,,0
1909-02-01,,,0
1909-03-01,,,0
1909-04-01,,,0
1909-05-01,,,0
1909-06-01,,,0
1909-07-01,,,0
1909-08-01,,,0
1909-09-01,,,0
1909-10-01,,,0
1909-11-01,,,0
1909-12-01,,,0
1910-01-01,,,0
1910-02-01,,,1
1910-03-01,,,1
1910-04-01,,,1
1910-05-01,,,1
1910-06-01,,,1
1910-07-01,,,1
1910-08-01,,,1
1910-09-01,,,1
1910-10-01,,,1
1910-11-01,,,1
1910-12-01,,,1
1911-01-01,,,1
1911-02-01,,,1
1911-03-01,,,1
1911-04-01,,,1
1911-05-01,,,1
1911-06-01,,,1
1911-07-01,,,1
1911-08-01,,,1
1911-09-01,,,1
1911-10-01,,,1
1911-11-01,,,1
1911-12-01,,,1
1912-01-01,,,1
1912-02-01,,,0
1912-03-01,,,0
1912-04-01,,,0
1912-05-01,,,0
1912-06-01,,,0
1912-07-01,,,0
1912-08-01,,,0
1912-09-01,,,0
1912-10-01,,,0
1912-11-01,,,0
1912-12-01,,,0
1913-01-01,,,0
1913-02-01,,,1
1913-03-01,,,1
1913-04-01,,,1
1913-05-01,,,1
1913-06-01,,,1
1913-07-01,,,1
1913-08-01,,,1
1913-09-01,,,1
1913-10-01,,,1
1913-11-01,,,1
1913-12-01,,,1
1914-01-01,,,1
1914-02-01,,,1
1914-03-01,,,1
1914-04-01,,,1
1914-05-01,,,1
1914-06-01,,,1
1914-07-01,,,1
1914-08-01,,,1
1914-09-01,,,1
1914-10-01,,,1
1914-11-01,,,1
1914-12-01,,,1
1915-01-01,,,0
1915-02-01,,,0
1915-03-01,,,0
1915-04-01,,,0
1915-05-01,,,0
1915-06-01,,,0
1915-07-01,,,0
1915-08-01,,,0
1915-09-01,,,0
1915-10-01,,,0
1915-11-01,,,0
1915-12-01,,,0
1916-01-01,,,0
1916-02-01,,,0
1916-03-01,,,0
1916-04-01,,,0
1916-05-01,,,0
1916-06-01,,,0
1916-07-01,,,0
1916-08-01,,,0
1916-09-01,,,0
1916-10-01,,,0
1916-11-01,,,0
1916-12-01,,,0
1917-01-01,,,0
1917-02-01,,,0
1917-03-01,,,0
1917-04-01,,,0
1917-05-01,,,0
1917-06-01,,,0
1917-07-01,,,0
1917-08-01,,,0
1917-09-01,,,0
1917-10-01,,,0
1917-11-01,,,0
1917-12-01,,,0
1918-01-01,,,0
1918-02-01,,,0
1918-03-01,,,0
1918-04-01,,,0
1918-05-01,,,0
1918-06-01,,,0
1918-07-01,,,0
1918-08-01,,,0
1918-09-01,,,1
1918-10-01,,,1
1918-11-01,,,1
1918-12-01,,,1
1919-01-01,,,1
1919-02-01,,,1
1919-03-01,,,1
1919-04-01,,,0
1919-05-01,,,0
1919-06-01,,,0
1919-07-01,,,0
1919-08-01,,,0
1919-09-01,,,0
1919-10-01,,,0
1919-11-01,,,0
1919-12-01,,,0
1920-01-01,,,0
1920-02-01,,,1
1920-03-01,,,1
1920-04-01,,,1
1920-05-01,,,1
1920-06-01,,,1
1920-07-01,,,1
1920-08-01,,,1
1920-09-01,,,1
1920-10-01,,,1
1920-11-01,,,1
1920-12-01,,,1
1921-01-01,,,1
1921-02-01,,,1
1921-03-01,,,1
1921-04-01,,,1
1921-05-01,,,1
1921-06-01,,,1
1921-07-01,,,1
1921-08-01,,,0
1921-09-01,,,0
1921-10-01,,,0
1921-11-01,,,0
1921-12-01,,,0
1922-01-01,,,0
1922-02-01,,,0
1922-03-01,,,0
1922-04-01,,,0
1922-05-01,,,0
1922-06-01,,,0
1922-07-01,,,0
1922-08-01,,,0
1922-09-01,,,0
1922-10-01,,,0
1922-11-01,,,0
1922-12-01,,,0
1923-01-01,,,0
1923-02-01,,,0
1923-03-01,,,0
1923-04-01,,,0
1923-05-01,,,0
1923-06-01,,,1
1923-07-01,,,1
1923-08-01,,,1
1923-09-01,,,1
1923-10-01,,,1
1923-11-01,,,1
1923-12-01,,,1
1924-01-01,,,1
1924-02-01,,,1
1924-03-01,,,1
1924-04-01,,,1
1924-05-01,,,1
1924-06-01,,,1
1924-07-01,,,1
1924-08-01,,,0
1924-09-01,,,0
1924-10-01,,,0
1924-11-01,,,0
1924-12-01,,,0
1925-01-01,,,0
1925-02-01,,,0
1925-03-01,,,0
1925-04-01,,,0
1925-05-01,,,0
1925-06-01,,,0
1925-07-01,,,0
1925-08-01,,,0
1925-09-01,,,0
1925-10-01,,,0
1925-11-01,,,0
1925-12-01,,,0
1926-01-01,,,0
1926-02-01,,,0
1926-03-01,,,0
1926-04-01,,,0
1926-05-01,,,0
1926-06-01,,,0
1926-07-01,,,0
1926-08-01,,,0
1926-09-01,,,0
1926-10-01,,,0
1926-11-01,,,1
1926-12-01,,,1
1927-01-01,,,1
1927-02-01,,,1
1927-03-01,,,1
1927-04-01,,,1
1927-05-01,,,1
1927-06-01,,,1
1927-07-01,,,1
1927-08-01,,,1
1927-09-01,,,1
1927-10-01,,,1
1927-11-01,,,1
1927-12-01,,,0
1928-01-01,,,0
1928-02-01,,,0
1928-03-01,,,0
1928-04-01,,,0
1928-05-01,,,0
1928-06-01,,,0
1928-07-01,,,0
1928-08-01,,,0
1928-09-01,,,0
1928-10-01,,,0
1928-11-01,,,0
1928-12-01,,,0
1929-01-01,,,0
1929-02-01,,,0
1929-03-01,,,0
1929-04-01,,,0
1929-05-01,,,0
1929-06-01,,,0
1929-07-01,,,0
1929-08-01,,,0
1929-09-01,,,1
1929-10-01,,,1
1929-11-01,,,1
1929-12-01,,,1
1930-01-01,,,1
1930-02-01,,,1
1930-03-01,,,1
1930-04-01,,,1
1930-05-01,,,1
1930-06-01,,,1
1930-07-01,,,1
1930-08-01,,,1
1930-09-01,,,1
1930-10-01,,,1
1930-11-01,,,1
1930-12-01,,,1
1931-01-01,,,1
1931-02-01,,,1
1931-03-01,,,1
1931-04-01,,,1
1931-05-01,,,1
1931-06-01,,,1
1931-07-01,,,1
1931-08-01,,,1
1931-09-01,,,1
1931-10-01,,,1
1931-11-01,,,1
1931-12-01,,,1
1932-01-01,,,1
1932-02-01,,,1
1932-03-01,,,1
1932-04-01,,,1
1932-05-01,,,1
1932-06-01,,,1
1932-07-01,,,1
1932-08-01,,,1
1932-09-01,,,1
1932-10-01,,,1
1932-11-01,,,1
1932-12-01,,,1
1933-01-01,,,1
1933-02-01,,,1
1933-03-01,,,1
1933-04-01,,,0
1933-05-01,,,0
1933-06-01,,,0
1933-07-01,,,0
1933-08-01,,,0
1933-09-01,,,0
1933-10-01,,,0
1933-11-01,,,0
1933-12-01,,,0
1934-01-01,,,0
1934-02-01,,,0
1934-03-01,,,0
1934-04-01,,,0
1934-05-01,,,0
1934-06-01,,,0
1934-07-01,,,0
1934-08-01,,,0
1934-09-01,,,0
1934-10-01,,,0
1934-11-01,,,0
1934-12-01,,,0
1935-01-01,,,0
1935-02-01,,,0
1935-03-01,,,0
1935-04-01,,,0
1935-05-01,,,0
1935-06-01,,,0
1935-07-01,,,0
1935-08-01,,,0
1935-09-01,,,0
1935-10-01,,,0
1935-11-01,,,0
1935-12-01,,,0
1936-01-01,,,0
1936-02-01,,,0
1936-03-01,,,0
1936-04-01,,,0
1936-05-01,,,0
1936-06-01,,,0
1936-07-01,,,0
1936-08-01,,,0
1936-09-01,,,0
1936-10-01,,,0
1936-11-01,,,0
1936-12-01,,,0
1937-01-01,,,0
1937-02-01,,,0
1937-03-01,,,0
1937-04-01,,,0
1937-05-01,,,0
1937-06-01,,,1
1937-07-01,,,1
1937-08-01,,,1
1937-09-01,,,1
1937-10-01,,,1
1937-11-01,,,1
1937-12-01,,,1
1938-01-01,,,1
1938-02-01,,,1
1938-03-01,,,1
1938-04-01,,,1
1938-05-01,,,1
1938-06-01,,,1
1938-07-01,,,0
1938-08-01,,,0
1938-09-01,,,0
1938-10-01,,,0
1938-11-01,,,0
1938-12-01,,,0
1939-01-01,,,0
1939-02-01,,,0
1939-03-01,,,0
1939-04-01,,,0
1939-05-01,,,0
1939-06-01,,,0
1939-07-01,,,0
1939-08-01,,,0
1939-09-01,,,0
1939-10-01,,,0
1939-11-01,,,0
1939-12-01,,,0
1940-01-01,,,0
1940-02-01,,,0
1940-03-01,,,0
1940-04-01,,,0
1940-05-01,,,0
1940-06-01,,,0
1940-07-01,,,0
1940-08-01,,,0
1940-09-01,,,0
1940-10-01,,,0
1940-11-01,,,0
1940-12-01,,,0
1941-01-01,,,0
1941-02-01,,,0
1941-03-01,,,0
1941-04-01,,,0
1941-05-01,,,0
1941-06-01,,,0
1941-07-01,,,0
1941-08-01,,,0
1941-09-01,,,0
1941-10-01,,,0
1941-11-01,,,0
1941-12-01,,,0
1942-01-01,,,0
1942-02-01,,,0
1942-03-01,,,0
1942-04-01,,,0
1942-05-01,,,0
1942-06-01,,,0
1942-07-01,,,0
1942-08-01,,,0
1942-09-01,,,0
1942-10-01,,,0
1942-11-01,,,0
1942-12-01,,,0
1943-01-01,,,0
1943-02-01,,,0
1943-03-01,,,0
1943-04-01,,,0
1943-05-01,,,0
1943-06-01,,,0
1943-07-01,,,0
1943-08-01,,,0
1943-09-01,,,0
1943-10-01,,,0
1943-11-01,,,0
1943-12-01,,,0
1944-01-01,,,0
1944-02-01,,,0
1944-03-01,,,0
1944-04-01,,,0
1944-05-01,,,0
1944-06-01,,,0
1944-07-01,,,0
1944-08-01,,,0
1944-09-01,,,0
1944-10-01,,,0
1944-11-01,,,0
1944-12-01,,,0
1945-01-01,,,0
1945-02-01,,,0
1945-03-01,,,1
1945-04-01,,,1
1945-05-01,,,1
1945-06-01,,,1
1945-07-01,,,1
1945-08-01,,,1
1945-09-01,,,1
1945-10-01,,,1
1945-11-01,,,0
1945-12-01,,,0
1946-01-01,,,0
1946-02-01,,,0
1946-03-01,,,0
1946-04-01,,,0
1946-05-01,,,0
1946-06-01,,,0
1946-07-01,,,0
1946-08-01,,,0
1946-09-01,,,0
1946-10-01,,,0
1946-11-01,,,0
1946-12-01,,,0
1947-01-01,,21.480,0
1947-02-01,,21.620,0
1947-03-01,,22.000,0
1947-04-01,,22.000,0
1947-05-01,,21.950,0
1947-06-01,,22.080,0
1947-07-01,,22.230,0
1947-08-01,,22.400,0
1947-09-01,,22.840,0
1947-10-01,,22.910,0
1947-11-01,,23.060,0
1947-12-01,,23.410,0
1948-01-01,,23.680,0
1948-02-01,,23.670,0
1948-03-01,,23.500,0
1948-04-01,,23.820,0
1948-05-01,,24.010,0
1948-06-01,,24.150,0
1948-07-01,,24.400,0
1948-08-01,,24.430,0
1948-09-01,,24.360,0
1948-10-01,,24.310,0
1948-11-01,,24.160,0
1948-12-01,,24.050,1
1949-01-01,,24.010,1
1949-02-01,,23.910,1
1949-03-01,,23.910,1
1949-04-01,,23.920,1
1949-05-01,,23.910,1
1949-06-01,,23.920,1
1949-07-01,,23.700,1
1949-08-01,,23.700,1
1949-09-01,,23.750,1
1949-10-01,,23.670,1
1949-11-01,,23.700,0
1949-12-01,,23.610,0
1950-01-01,,23.510,0
1950-02-01,,23.610,0
1950-03-01,,23.640,0
1950-04-01,,23.650,0
1950-05-01,,23.770,0
1950-06-01,,23.880,0
1950-07-01,,24.070,0
1950-08-01,,24.200,0
1950-09-01,,24.340,0
1950-10-01,,24.500,0
1950-11-01,,24.600,0
1950-12-01,,24.980,0
1951-01-01,,25.380,0
1951-02-01,,25.830,0
1951-03-01,,25.880,0
1951-04-01,,25.920,0
1951-05-01,,25.990,0
1951-06-01,,25.930,0
1951-07-01,,25.910,0
1951-08-01,,25.860,0
1951-09-01,,26.030,0
1951-10-01,,26.160,0
1951-11-01,,26.320,0
1951-12-01,,26.470,0
1952-01-01,,26.450,0
1952-02-01,,26.410,0
1952-03-01,,26.390,0
1952-04-01,,26.460,0
1952-05-01,,26.470,0
1952-06-01,,26.530,0
1952-07-01,,26.680,0
1952-08-01,,26.690,0
1952-09-01,,26.630,0
1952-10-01,,26.690,0
1952-11-01,,26.690,0
1952-12-01,,26.710,0
1953-01-01,,26.640,0
1953-02-01,,26.590,0
1953-03-01,,26.630,0
1953-04-01,,26.690,0
1953-05-01,,26.700,0
1953-06-01,,26.770,0
1953-07-01,,26.790,0
1953-08-01,,26.850,1
1953-09-01,,26.890,1
1953-10-01,,26.950,1
1953-11-01,,26.850,1
1953-12-01,,26.870,1
1954-01-01,,26.940,1
1954-02-01,,26.990,1
1954-03-01,,26.930,1
1954-04-01,,26.860,1
1954-05-01,,26.930,1
1954-06-01,,26.940,0
1954-07-01,0.80,26.860,0
1954-08-01,1.22,26.850,0
1954-09-01,1.07,26.810,0
1954-10-01,0.85,26.720,0
1954-11-01,0.83,26.780,0
1954-12-01,1.28,26.770,0
1955-01-01,1.39,26.770,0
1955-02-01,1.29,26.820,0
1955-03-01,1.35,26.790,0
1955-04-01,1.43,26.790,0
1955-05-01,1.43,26.770,0
1955-06-01,1.64,26.710,0
1955-07-01,1.68,26.760,0
1955-08-01,1.96,26.720,0
1955-09-01,2.18,26.850,0
1955-10-01,2.24,26.820,0
1955-11-01,2.35,26.880,0
1955-12-01,2.48,26.870,0
1956-01-01,2.45,26.830,0
1956-02-01,2.50,26.860,0
1956-03-01,2.50,26.890,0
1956-04-01,2.62,26.930,0
1956-05-01,2.75,27.030,0
1956-06-01,2.71,27.150,0
1956-07-01,2.75,27.290,0
1956-08-01,2.73,27.310,0
1956-09-01,2.95,27.350,0
1956-10-01,2.96,27.510,0
1956-11-01,2.88,27.510,0
1956-12-01,2.94,27.630,0
1957-01-01,2.84,27.670,0
1957-02-01,3.00,27.800,0
1957-03-01,2.96,27.860,0
1957-04-01,3.00,27.930,0
1957-05-01,3.00,28.000,0
1957-06-01,3.00,28.110,0
1957-07-01,2.99,28.190,0
1957-08-01,3.24,28.280,0
1957-09-01,3.47,28.320,1
1957-10-01,3.50,28.320,1
1957-11-01,3.28,28.410,1
1957-12-01,2.98,28.470,1
1958-01-01,2.72,28.640,1
1958-02-01,1.67,28.700,1
1958-03-01,1.20,28.870,1
1958-04-01,1.26,28.940,1
1958-05-01,0.63,28.940,0
1958-06-01,0.93,28.910,0
1958-07-01,0.68,28.890,0
1958-08-01,1.53,28.940,0
1958-09-01,1.76,28.910,0
1958-10-01,1.80,28.910,0
1958-11-01,2.27,28.950,0
1958-12-01,2.42,28.970,0
1959-01-01,2.48,29.010,0
1959-02-01,2.43,29.000,0
1959-03-01,2.80,28.970,0
1959-04-01,2.96,28.980,0
1959-05-01,2.90,29.040,0
1959-06-01,3.39,29.110,0
1959-07-01,3.47,29.150,0
1959-08-01,3.50,29.180,0
1959-09-01,3.76,29.250,0
1959-10-01,3.98,29.350,0
1959-11-01,4.00,29.350,0
1959-12-01,3.99,29.410,0
1960-01-01,3.99,29.370,0
1960-02-01,3.97,29.410,0
1960-03-01,3.84,29.410,0
1960-04-01,3.92,29.540,0
1960-05-01,3.85,29.570,1
1960-06-01,3.32,29.610,1
1960-07-01,3.23,29.550,1
1960-08-01,2.98,29.610,1
1960-09-01,2.60,29.610,1
1960-10-01,2.47,29.750,1
1960-11-01,2.44,29.780,1
1960-12-01,1.98,29.810,1
1961-01-01,1.45,29.840,1
1961-02-01,2.54,29.840,1
1961-03-01,2.02,29.840,0
1961-04-01,1.49,29.810,0
1961-05-01,1.98,29.840,0
1961-06-01,1.73,29.840,0
1961-07-01,1.17,29.920,0
1961-08-01,2.00,29.940,0
1961-09-01,1.88,29.980,0
1961-10-01,2.26,29.980,0
1961-11-01,2.61,29.980,0
1961-12-01,2.33,30.010,0
1962-01-01,2.15,30.040,0
1962-02-01,2.37,30.110,0
1962-03-01,2.85,30.170,0
1962-04-01,2.78,30.210,0
1962-05-01,2.36,30.240,0
1962-06-01,2.68,30.210,0
1962-07-01,2.71,30.220,0
1962-08-01,2.93,30.280,0
1962-09-01,2.90,30.420,0
1962-10-01,2.90,30.380,0
1962-11-01,2.94,30.380,0
1962-12-01,2.93,30.380,0
1963-01-01,2.92,30.440,0
1963-02-01,3.00,30.480,0
1963-03-01,2.98,30.510,0
1963-04-01,2.90,30.480,0
1963-05-01,3.00,30.510,0
1963-06-01,2.99,30.610,0
1963-07-01,3.02,30.690,0
1963-08-01,3.49,30.750,0
1963-09-01,3.48,30.720,0
1963-10-01,3.50,30.750,0
1963-11-01,3.48,30.780,0
1963-12-01,3.38,30.880,0
1964-01-01,3.48,30.940,0
1964-02-01,3.48,30.910,0
1964-03-01,3.43,30.940,0
1964-04-01,3.47,30.950,0
1964-05-01,3.50,30.980,0
1964-06-01,3.50,31.010,0
1964-07-01,3.42,31.020,0
1964-08-01,3.50,31.050,0
1964-09-01,3.45,31.080,0
1964-10-01,3.36,31.120,0
1964-11-01,3.52,31.210,0
1964-12-01,3.85,31.250,0
1965-01-01,3.90,31.280,0
1965-02-01,3.98,31.280,0
1965-03-01,4.05,31.310,0
1965-04-01,4.09,31.380,0
1965-05-01,4.10,31.480,0
1965-06-01,4.05,31.610,0
1965-07-01,4.09,31.580,0
1965-08-01,4.12,31.550,0
1965-09-01,4.02,31.620,0
1965-10-01,4.08,31.650,0
1965-11-01,4.10,31.750,0
1965-12-01,4.32,31.850,0
1966-01-01,4.42,31.880,0
1966-02-01,4.60,32.080,0
1966-03-01,4.66,32.180,0
1966-04-01,4.67,32.280,0
1966-05-01,4.90,32.350,0
1966-06-01,5.17,32.380,0
1966-07-01,5.30,32.450,0
1966-08-01,5.53,32.650,0
1966-09-01,5.40,32.750,0
1966-10-01,5.53,32.850,0
1966-11-01,5.76,32.880,0
1966-12-01,5.40,32.920,0
1967-01-01,4.94,32.900,0
1967-02-01,5.00,33.000,0
1967-03-01,4.53,33.000,0
1967-04-01,4.05,33.100,0
1967-05-01,3.94,33.100,0
1967-06-01,3.98,33.300,0
1967-07-01,3.79,33.400,0
1967-08-01,3.90,33.500,0
1967-09-01,3.99,33.600,0
1967-10-01,3.88,33.700,0
1967-11-01,4.13,33.900,0
1967-12-01,4.51,34.000,0
1968-01-01,4.61,34.100,0
1968-02-01,4.71,34.200,0
1968-03-01,5.05,34.300,0
1968-04-01,5.76,34.400,0
1968-05-01,6.12,34.500,0
1968-06-01,6.07,34.700,0
1968-07-01,6.03,34.900,0
1968-08-01,6.03,35.000,0
1968-09-01,5.78,35.100,0
1968-10-01,5.91,35.300,0
1968-11-01,5.82,35.400,0
1968-12-01,6.02,35.600,0
1969-01-01,6.30,35.700,0
1969-02-01,6.61,35.800,0
1969-03-01,6.79,36.100,0
1969-04-01,7.41,36.300,0
1969-05-01,8.67,36.400,0
1969-06-01,8.90,36.600,0
1969-07-01,8.61,36.800,0
1969-08-01,9.19,36.900,0
1969-09-01,9.15,37.100,0
1969-10-01,9.00,37.300,0
1969-11-01,8.85,37.500,0
1969-12-01,8.97,37.700,0
1970-01-01,8.98,37.900,1
1970-02-01,8.98,38.100,1
1970-03-01,7.76,38.300,1
1970-04-01,8.10,38.500,1
1970-05-01,7.95,38.600,1
1970-06-01,7.61,38.800,1
1970-07-01,7.21,38.900,1
1970-08-01,6.62,39.000,1
1970-09-01,6.29,39.200,1
1970-10-01,6.20,39.400,1
1970-11-01,5.60,39.600,1
1970-12-01,4.90,39.800,0
1971-01-01,4.14,39.900,0
1971-02-01,3.72,39.900,0
1971-03-01,3.71,40.000,0
1971-04-01,4.16,40.100,0
1971-05-01,4.63,40.300,0
1971-06-01,4.91,40.500,0
1971-07-01,5.31,40.600,0
1971-08-01,5.57,40.700,0
1971-09-01,5.55,40.800,0
1971-10-01,5.20,40.900,0
1971-11-01,4.91,41.000,0
1971-12-01,4.14,41.100,0
1972-01-01,3.51,41.200,0
1972-02-01,3.30,41.400,0
1972-03-01,3.83,41.400,0
1972-04-01,4.17,41.500,0
1972-05-01,4.27,41.600,0
1972-06-01,4.46,41.700,0
1972-07-01,4.55,41.800,0
1972-08-01,4.81,41.900,0
1972-09-01,4.87,42.100,0
1972-10-01,5.05,42.200,0
1972-11-01,5.06,42.400,0
1972-12-01,5.33,42.500,0
1973-01-01,5.94,42.700,0
1973-02-01,6.58,43.000,0
1973-03-01,7.09,43.400,0
1973-04-01,7.12,43.700,0
1973-05-01,7.84,43.900,0
1973-06-01,8.49,44.200,0
1973-07-01,10.40,44.200,0
1973-08-01,10.50,45.000,0
1973-09-01,10.78,45.200,0
1973-10-01,10.01,45.600,0
1973-11-01,10.03,45.900,0
1973-12-01,9.95,46.300,1
1974-01-01,9.65,46.800,1
1974-02-01,8.97,47.300,1
1974-03-01,9.35,47.800,1
1974-04-01,10.51,48.100,1
1974-05-01,11.31,48.600,1
1974-06-01,11.93,49.000,1
1974-07-01,12.92,49.300,1
1974-08-01,12.01,49.900,1
1974-09-01,11.34,50.600,1
1974-10-01,10.06,51.000,1
1974-11-01,9.45,51.500,1
1974-12-01,8.53,51.900,1
1975-01-01,7.13,52.300,1
1975-02-01,6.24,52.600,1
1975-03-01,5.54,52.800,1
1975-04-01,5.49,53.000,0
1975-05-01,5.22,53.100,0
1975-06-01,5.55,53.500,0
1975-07-01,6.10,54.000,0
1975-08-01,6.14,54.200,0
1975-09-01,6.24,54.600,0
1975-10-01,5.82,54.900,0
1975-11-01,5.22,55.300,0
1975-12-01,5.20,55.600,0
1976-01-01,4.87,55.800,0
1976-02-01,4.77,55.900,0
1976-03-01,4.84,56.000,0
1976-04-01,4.82,56.100,0
1976-05-01,5.29,56.400,0
1976-06-01,5.48,56.700,0
1976-07-01,5.31,57.000,0
1976-08-01,5.29,57.300,0
1976-09-01,5.25,57.600,0
1976-10-01,5.02,57.900,0
1976-11-01,4.95,58.100,0
1976-12-01,4.65,58.400,0
1977-01-01,4.61,58.700,0
1977-02-01,4.68,59.300,0
1977-03-01,4.69,59.600,0
1977-04-01,4.73,60.000,0
1977-05-01,5.35,60.200,0
1977-06-01,5.39,60.500,0
1977-07-01,5.42,60.800,0
1977-08-01,5.90,61.100,0
1977-09-01,6.14,61.300,0
1977-10-01,6.47,61.600,0
1977-11-01,6.51,62.000,0
1977-12-01,6.56,62.300,0
1978-01-01,6.70,62.700,0
1978-02-01,6.78,63.000,0
1978-03-01,6.79,63.400,0
1978-04-01,6.89,63.900,0
1978-05-01,7.36,64.500,0
1978-06-01,7.60,65.000,0
1978-07-01,7.81,65.500,0
1978-08-01,8.04,65.900,0
1978-09-01,8.45,66.500,0
1978-10-01,8.96,67.100,0
1978-11-01,9.76,67.500,0
1978-12-01,10.03,67.900,0
1979-01-01,10.07,68.500,0
1979-02-01,10.06,69.200,0
1979-03-01,10.09,69.900,0
1979-04-01,10.01,70.600,0
1979-05-01,10.24,71.400,0
1979-06-01,10.29,72.200,0
1979-07-01,10.47,73.000,0
1979-08-01,10.94,73.700,0
1979-09-01,11.43,74.400,0
1979-10-01,13.77,75.200,0
1979-11-01,13.18,76.000,0
1979-12-01,13.78,76.900,0
1980-01-01,13.82,78.000,0
1980-02-01,14.13,79.000,1
1980-03-01,17.19,80.100,1
1980-04-01,17.61,80.900,1
1980-05-01,10.98,81.700,1
1980-06-01,9.47,82.500,1
1980-07-01,9.03,82.600,1
1980-08-01,9.61,83.200,0
1980-09-01,10.87,83.900,0
1980-10-01,12.81,84.700,0
1980-11-01,15.85,85.600,0
1980-12-01,18.90,86.400,0
1981-01-01,19.08,87.200,0
1981-02-01,15.93,88.000,0
1981-03-01,14.70,88.600,0
1981-04-01,15.72,89.100,0
1981-05-01,18.52,89.700,0
1981-06-01,19.10,90.500,0
1981-07-01,19.04,91.500,0
1981-08-01,17.82,92.200,1
1981-09-01,15.87,93.100,1
1981-10-01,15.08,93.400,1
1981-11-01,13.31,93.800,1
1981-12-01,12.37,94.100,1
1982-01-01,13.22,94.400,1
1982-02-01,14.78,94.700,1
1982-03-01,14.68,94.700,1
1982-04-01,14.94,95.000,1
1982-05-01,14.45,95.900,1
1982-06-01,14.15,97.000,1
1982-07-01,12.59,97.500,1
1982-08-01,10.12,97.700,1
1982-09-01,10.31,97.700,1
1982-10-01,9.71,98.100,1
1982-11-01,9.20,98.000,1
1982-12-01,8.95,97.700,0
1983-01-01,8.68,97.900,0
1983-02-01,8.51,98.000,0
1983-03-01,8.77,98.100,0
1983-04-01,8.80,98.800,0
1983-05-01,8.63,99.200,0
1983-06-01,8.98,99.400,0
1983-07-01,9.37,99.800,0
1983-08-01,9.56,100.100,0
1983-09-01,9.45,100.400,0
1983-10-01,9.48,100.800,0
1983-11-01,9.34,101.100,0
1983-12-01,9.47,101.400,0
1984-01-01,9.56,102.100,0
1984-02-01,9.59,102.600,0
1984-03-01,9.91,102.900,0
1984-04-01,10.29,103.300,0
1984-05-01,10.32,103.500,0
1984-06-01,11.06,103.700,0
1984-07-01,11.23,104.100,0
1984-08-01,11.64,104.400,0
1984-09-01,11.30,104.700,0
1984-10-01,9.99,105.100,0
1984-11-01,9.43,105.300,0
1984-12-01,8.38,105.500,0
1985-01-01,8.35,105.700,0
1985-02-01,8.50,106.300,0
1985-03-01,8.58,106.800,0
1985-04-01,8.27,107.000,0
1985-05-01,7.97,107.200,0
1985-06-01,7.53,107.500,0
1985-07-01,7.88,107.700,0
1985-08-01,7.90,107.900,0
1985-09-01,7.92,108.100,0
1985-10-01,7.99,108.500,0
1985-11-01,8.05,109.000,0
1985-12-01,8.27,109.500,0
1986-01-01,8.14,109.900,0
1986-02-01,7.86,109.700,0
1986-03-01,7.48,109.100,0
1986-04-01,6.99,108.700,0
1986-05-01,6.85,109.000,0
1986-06-01,6.92,109.400,0
1986-07-01,6.56,109.500,0
1986-08-01,6.17,109.600,0
1986-09-01,5.89,110.000,0
1986-10-01,5.85,110.200,0
1986-11-01,6.04,110.400,0
1986-12-01,6.91,110.800,0
1987-01-01,6.43,111.400,0
1987-02-01,6.10,111.800,0
1987-03-01,6.13,112.200,0
1987-04-01,6.37,112.700,0
1987-05-01,6.85,113.000,0
1987-06-01,6.73,113.500,0
1987-07-01,6.58,113.800,0
1987-08-01,6.73,114.300,0
1987-09-01,7.22,114.700,0
1987-10-01,7.29,115.000,0
1987-11-01,6.69,115.400,0
1987-12-01,6.77,115.600,0
1988-01-01,6.83,116.000,0
1988-02-01,6.58,116.200,0
1988-03-01,6.58,116.500,0
1988-04-01,6.87,117.200,0
1988-05-01,7.09,117.500,0
1988-06-01,7.51,118.000,0
1988-07-01,7.75,118.500,0
1988-08-01,8.01,119.000,0
1988-09-01,8.19,119.500,0
1988-10-01,8.30,119.900,0
1988-11-01,8.35,120.300,0
1988-12-01,8.76,120.700,0
1989-01-01,9.12,121.200,0
1989-02-01,9.36,121.600,0
1989-03-01,9.85,122.200,0
1989-04-01,9.84,123.100,0
1989-05-01,9.81,123.700,0
1989-06-01,9.53,124.100,0
1989-07-01,9.24,124.500,0
1989-08-01,8.99,124.500,0
1989-09-01,9.02,124.800,0
1989-10-01,8.84,125.400,0
1989-11-01,8.55,125.900,0
1989-12-01,8.45,126.300,0
1990-01-01,8.23,127.500,0
1990-02-01,8.24,128.000,0
1990-03-01,8.28,128.600,0
1990-04-01,8.26,128.900,0
1990-05-01,8.18,129.100,0
1990-06-01,8.29,129.900,0
1990-07-01,8.15,130.500,0
1990-08-01,8.13,131.600,1
1990-09-01,8.20,132.500,1
1990-10-01,8.11,133.400,1
1990-11-01,7.81,133.700,1
1990-12-01,7.31,134.200,1
1991-01-01,6.91,134.700,1
1991-02-01,6.25,134.800,1
1991-03-01,6.12,134.800,1
1991-04-01,5.91,135.100,0
1991-05-01,5.78,135.600,0
1991-06-01,5.90,136.000,0
1991-07-01,5.82,136.200,0
1991-08-01,5.66,136.600,0
1991-09-01,5.45,137.000,0
1991-10-01,5.21,137.200,0
1991-11-01,4.81,137.800,0
1991-12-01,4.43,138.200,0
1992-01-01,4.03,138.300,0
1992-02-01,4.06,138.600,0
1992-03-01,3.98,139.100,0
1992-04-01,3.73,139.400,0
1992-05-01,3.82,139.700,0
1992-06-01,3.76,140.100,0
1992-07-01,3.25,140.500,0
1992-08-01,3.30,140.800,0
1992-09-01,3.22,141.100,0
1992-10-01,3.10,141.700,0
1992-11-01,3.09,142.100,0
1992-12-01,2.92,142.300,0
1993-01-01,3.02,142.800,0
1993-02-01,3.03,143.100,0
1993-03-01,3.07,143.300,0
1993-04-01,2.96,143.800,0
1993-05-01,3.00,144.200,0
1993-06-01,3.04,144.300,0
1993-07-01,3.06,144.500,0
1993-08-01,3.03,144.800,0
1993-09-01,3.09,145.000,0
1993-10-01,2.99,145.600,0
1993-11-01,3.02,146.000,0
1993-12-01,2.96,146.300,0
1994-01-01,3.05,146.300,0
1994-02-01,3.25,146.700,0
1994-03-01,3.34,147.100,0
1994-04-01,3.56,147.200,0
1994-05-01,4.01,147.500,0
1994-06-01,4.25,147.900,0
1994-07-01,4.26,148.400,0
1994-08-01,4.47,149.000,0
1994-09-01,4.73,149.300,0
1994-10-01,4.76,149.400,0
1994-11-01,5.29,149.800,0
1994-12-01,5.45,150.100,0
1995-01-01,5.53,150.500,0
1995-02-01,5.92,150.900,0
1995-03-01,5.98,151.200,0
1995-04-01,6.05,151.800,0
1995-05-01,6.01,152.100,0
1995-06-01,6.00,152.400,0
1995-07-01,5.85,152.600,0
1995-08-01,5.74,152.900,0
1995-09-01,5.80,153.100,0
1995-10-01,5.76,153.500,0
1995-11-01,5.80,153.700,0
1995-12-01,5.60,153.900,0
1996-01-01,5.56,154.700,0
1996-02-01,5.22,155.000,0
1996-03-01,5.31,155.500,0
1996-04-01,5.22,156.100,0
1996-05-01,5.24,156.400,0
1996-06-01,5.27,156.700,0
1996-07-01,5.40,157.000,0
1996-08-01,5.22,157.200,0
1996-09-01,5.30,157.700,0
1996-10-01,5.24,158.200,0
1996-11-01,5.31,158.700,0
1996-12-01,5.29,159.100,0
1997-01-01,5.25,159.400,0
1997-02-01,5.19,159.700,0
1997-03-01,5.39,159.800,0
1997-04-01,5.51,159.900,0
1997-05-01,5.50,159.900,0
1997-06-01,5.56,160.200,0
1997-07-01,5.52,160.400,0
1997-08-01,5.54,160.800,0
1997-09-01,5.54,161.200,0
1997-10-01,5.50,161.500,0
1997-11-01,5.52,161.700,0
1997-12-01,5.50,161.800,0
1998-01-01,5.56,162.000,0
1998-02-01,5.51,162.000,0
1998-03-01,5.49,162.000,0
1998-04-01,5.45,162.200,0
1998-05-01,5.49,162.600,0
1998-06-01,5.56,162.800,0
1998-07-01,5.54,163.200,0
1998-08-01,5.55,163.400,0
1998-09-01,5.51,163.500,0
1998-10-01,5.07,163.900,0
1998-11-01,4.83,164.100,0
1998-12-01,4.68,164.400,0
1999-01-01,4.63,164.700,0
1999-02-01,4.76,164.700,0
1999-03-01,4.81,164.800,0
1999-04-01,4.74,165.900,0
1999-05-01,4.74,166.000,0
1999-06-01,4.76,166.000,0
1999-07-01,4.99,166.700,0
1999-08-01,5.07,167.100,0
1999-09-01,5.22,167.800,0
1999-10-01,5.20,168.100,0
1999-11-01,5.42,168.400,0
1999-12-01,5.30,168.800,0
2000-01-01,5.45,169.300,0
2000-02-01,5.73,170.000,0
2000-03-01,5.85,171.000,0
2000-04-01,6.02,170.900,0
2000-05-01,6.27,171.200,0
2000-06-01,6.53,172.200,0
2000-07-01,6.54,172.700,0
2000-08-01,6.50,172.700,0
2000-09-01,6.52,173.600,0
2000-10-01,6.51,173.900,0
2000-11-01,6.51,174.200,0
2000-12-01,6.40,174.600,0
2001-01-01,5.98,175.600,0
2001-02-01,5.49,176.000,0
2001-03-01,5.31,176.100,0
2001-04-01,4.80,176.400,1
2001-05-01,4.21,177.300,1
2001-06-01,3.97,177.700,1
2001-07-01,3.77,177.400,1
2001-08-01,3.65,177.400,1
2001-09-01,3.07,178.100,1
2001-10-01,2.49,177.600,1
2001-11-01,2.09,177.500,1
2001-12-01,1.82,177.400,0
2002-01-01,1.73,177.700,0
2002-02-01,1.74,178.000,0
2002-03-01,1.73,178.500,0
2002-04-01,1.75,179.300,0
2002-05-01,1.75,179.500,0
2002-06-01,1.75,179.600,0
2002-07-01,1.73,180.000,0
2002-08-01,1.74,180.500,0
2002-09-01,1.75,180.800,0
2002-10-01,1.75,181.200,0
2002-11-01,1.34,181.500,0
2002-12-01,1.24,181.800,0
2003-01-01,1.24,182.600,0
2003-02-01,1.26,183.600,0
2003-03-01,1.25,183.900,0
2003-04-01,1.26,183.200,0
2003-05-01,1.26,182.900,0
2003-06-01,1.22,183.100,0
2003-07-01,1.01,183.700,0
2003-08-01,1.03,184.500,0
2003-09-01,1.01,185.100,0
2003-10-01,1.01,184.900,0
2003-11-01,1.00,185.000,0
2003-12-01,0.98,185.500,0
2004-01-01,1.00,186.300,0
2004-02-01,1.01,186.700,0
2004-03-01,1.00,187.100,0
2004-04-01,1.00,187.400,0
2004-05-01,1.00,188.200,0
2004-06-01,1.03,188.900,0
2004-07-01,1.26,189.100,0
2004-08-01,1.43,189.200,0
2004-09-01,1.61,189.800,0
2004-10-01,1.76,190.800,0
2004-11-01,1.93,191.700,0
2004-12-01,2.16,191.700,0
2005-01-01,2.28,191.600,0
2005-02-01,2.50,192.400,0
2005-03-01,2.63,193.100,0
2005-04-01,2.79,193.700,0
2005-05-01,3.00,193.600,0
2005-06-01,3.04,193.700,0
2005-07-01,3.26,194.900,0
2005-08-01,3.50,196.100,0
2005-09-01,3.62,198.800,0
2005-10-01,3.78,199.100,0
2005-11-01,4.00,198.100,0
2005-12-01,4.16,198.100,0
2006-01-01,4.29,199.300,0
2006-02-01,4.49,199.400,0
2006-03-01,4.59,199.700,0
2006-04-01,4.79,200.700,0
2006-05-01,4.94,201.300,0
2006-06-01,4.99,201.800,0
2006-07-01,5.24,202.900,0
2006-08-01,5.25,203.800,0
2006-09-01,5.25,202.800,0
2006-10-01,5.25,201.900,0
2006-11-01,5.25,202.000,0
2006-12-01,5.24,203.100,0
2007-01-01,5.25,203.437,0
2007-02-01,5.26,204.226,0
2007-03-01,5.26,205.288,0
2007-04-01,5.25,205.904,0
2007-05-01,5.25,206.755,0
2007-06-01,5.25,207.234,0
2007-07-01,5.26,207.603,0
2007-08-01,5.02,207.667,0
2007-09-01,4.94,208.547,0
2007-10-01,4.76,209.190,0
2007-11-01,4.49,210.834,0
2007-12-01,4.24,211.445,0
2008-01-01,3.94,212.174,1
2008-02-01,2.98,212.687,1
2008-03-01,2.61,213.448,1
2008-04-01,2.28,213.942,1
2008-05-01,1.98,215.208,1
2008-06-01,2.00,217.463,1
2008-07-01,2.01,219.016,1
2008-08-01,2.00,218.690,1
2008-09-01,1.81,218.877,1
2008-10-01,0.97,216.995,1
2008-11-01,0.39,213.153,1
2008-12-01,0.16,211.398,1
2009-01-01,0.15,211.933,1
2009-02-01,0.22,212.705,1
2009-03-01,0.18,212.495,1
2009-04-01,0.15,212.709,1
2009-05-01,0.18,213.022,1
2009-06-01,0.21,214.790,1
2009-07-01,0.16,214.726,0
2009-08-01,0.16,215.445,0
2009-09-01,0.15,215.861,0
2009-10-01,0.12,216.509,0
2009-11-01,0.12,217.234,0
2009-12-01,0.12,217.347,0
2010-01-01,0.11,217.488,0
2010-02-01,0.13,217.281,0
2010-03-01,0.16,217.353,0
2010-04-01,0.20,217.403,0
2010-05-01,0.20,217.290,0
2010-06-01,0.18,217.199,0
2010-07-01,0.18,217.605,0
2010-08-01,0.19,217.923,0
2010-09-01,0.19,218.275,0
2010-10-01,0.19,219.035,0
2010-11-01,0.19,219.590,0
2010-12-01,0.18,220.472,0
2011-01-01,0.17,221.187,0
2011-02-01,0.16,221.898,0
2011-03-01,0.14,223.046,0
2011-04-01,0.10,224.093,0
2011-05-01,0.09,224.806,0
2011-06-01,0.09,224.806,0
2011-07-01,0.07,225.395,0
2011-08-01,0.10,226.106,0
2011-09-01,0.08,226.597,0
2011-10-01,0.07,226.750,0
2011-11-01,0.08,227.169,0
2011-12-01,0.07,227.223,0
2012-01-01,0.08,227.842,0
2012-02-01,0.10,228.329,0
2012-03-01,0.13,228.807,0
2012-04-01,0.14,229.187,0
2012-05-01,0.16,228.713,0
2012-06-01,0.16,228.524,0
2012-07-01,0.16,228.590,0
2012-08-01,0.13,229.918,0
2012-09-01,0.14,231.015,0
2012-10-01,0.16,231.638,0
2012-11-01,0.16,231.249,0
2012-12-01,0.16,231.221,0
2013-01-01,0.14,231.679,0
2013-02-01,0.15,232.937,0
2013-03-01,0.14,232.282,0
2013-04-01,0.15,231.797,0
2013-05-01,0.11,231.893,0
2013-06-01,0.09,232.445,0
2013-07-01,0.09,232.900,0
2013-08-01,0.08,233.456,0
2013-09-01,0.08,233.544,0
2013-10-01,0.09,233.669,0
2013-11-01,0.08,234.100,0
2013-12-01,0.09,234.719,0
2014-01-01,0.07,235.288,0
2014-02-01,0.07,235.547,0
2014-03-01,0.08,236.028,0
2014-04-01,0.09,236.468,0
2014-05-01,0.09,236.918,0
2014-06-01,0.10,237.231,0
2014-07-01,0.09,237.498,0
2014-08-01,0.09,237.460,0
2014-09-01,0.09,237.477,0
2014-10-01,0.09,237.430,0
2014-11-01,0.09,236.983,0
2014-12-01,0.12,236.252,0
2015-01-01,0.11,234.747,0
2015-02-01,0.11,235.342,0
2015-03-01,0.11,235.976,0
2015-04-01,0.12,236.222,0
2015-05-01,0.12,237.001,0
2015-06-01,0.13,237.657,0
2015-07-01,0.13,238.034,0
2015-08-01,0.14,238.033,0
2015-09-01,0.14,237.498,0
2015-10-01,0.12,237.733,0
2015-11-01,0.12,238.017,0
2015-12-01,0.24,237.761,0
2016-01-01,0.34,237.652,0
2016-02-01,0.38,237.336,0
2016-03-01,0.36,238.080,0
2016-04-01,0.37,238.992,0
2016-05-01,0.37,239.557,0
2016-06-01,0.38,240.222,0
2016-07-01,0.39,240.101,0
2016-08-01,0.40,240.545,0
2016-09-01,0.40,241.176,0
2016-10-01,0.40,241.741,0
2016-11-01,0.41,242.026,0
2016-12-01,0.54,242.637,0
2017-01-01,0.65,243.618,0
2017-02-01,0.66,244.006,0
2017-03-01,0.79,243.892,0
2017-04-01,0.90,244.193,0
2017-05-01,0.91,244.004,0
2017-06-01,1.04,244.163,0
2017-07-01,1.15,244.243,0
2017-08-01,1.16,245.183,0
2017-09-01,1.15,246.435,0
2017-10-01,1.15,246.626,0
2017-11-01,1.16,247.284,0
2017-12-01,1.30,247.805,0
2018-01-01,1.41,248.859,0
2018-02-01,1.42,249.529,0
2018-03-01,1.51,249.577,0
2018-04-01,1.69,250.227,0
2018-05-01,1.70,250.792,0
2018-06-01,1.82,251.018,0
2018-07-01,1.91,251.214,0
2018-08-01,1.91,251.663,0
2018-09-01,1.95,252.182,0
2018-10-01,2.19,252.772,0
2018-11-01,2.20,252.594,0
2018-12-01,2.27,252.767,0
2019-01-01,2.40,252.561,0
2019-02-01,2.40,253.319,0
2019-03-01,2.41,254.277,0
2019-04-01,2.42,255.233,0
2019-05-01,2.39,255.296,0
2019-06-01,2.38,255.213,0
2019-07-01,2.40,255.802,0
2019-08-01,2.13,256.036,0
2019-09-01,2.04,256.430,0
2019-10-01,1.83,257.155,0
2019-11-01,1.55,257.879,0
2019-12-01,1.55,258.630,0
2020-01-01,1.55,259.127,0
2020-02-01,1.58,259.250,0
2020-03-01,0.65,258.076,1
2020-04-01,0.05,256.032,1
2020-05-01,0.05,255.802,0
2020-06-01,0.08,257.042,0
2020-07-01,0.09,258.352,0
2020-08-01,0.10,259.316,0
2020-09-01,0.09,259.997,0
2020-10-01,0.09,260.319,0
2020-11-01,0.09,260.911,0
2020-12-01,0.09,262.045,0
2021-01-01,0.09,262.687,0
2021-02-01,0.08,263.579,0
2021-03-01,0.07,264.961,0
2021-04-01,0.07,266.614,0
2021-05-01,0.06,268.383,0
2021-06-01,0.08,270.654,0
2021-07-01,0.10,271.903,0
2021-08-01,0.09,272.676,0
2021-09-01,0.08,273.910,0
2021-10-01,0.08,276.550,0
2021-11-01,0.08,278.919,0
2021-12-01,0.08,280.845,0
2022-01-01,0.08,282.543,0
2022-02-01,0.08,284.500,0
2022-03-01,0.20,287.674,0
2022-04-01,0.33,288.561,0
2022-05-01,0.77,291.298,0
2022-06-01,1.21,294.957,0
2022-07-01,1.68,294.913,0
2022-08-01,2.33,295.097,0
2022-09-01,2.56,296.349,0
2022-10-01,3.08,298.007,0
2022-11-01,3.78,298.786,0
2022-12-01,4.10,298.832,0
2023-01-01,4.33,300.420,0
2023-02-01,4.57,301.450,0
2023-03-01,4.65,301.821,0
2023-04-01,4.83,302.845,0
2023-05-01,5.06,303.334,0
2023-06-01,5.08,304.014,0
2023-07-01,5.12,304.609,0
2023-08-01,5.33,306.082,0
2023-09-01,5.33,307.276,0
2023-10-01,5.33,307.696,0
2023-11-01,5.33,308.148,0
2023-12-01,5.33,308.741,0
2024-01-01,5.33,309.698,0
2024-02-01,5.33,310.967,0
2024-03-01,5.33,312.345,0
2024-04-01,5.33,313.023,0
2024-05-01,5.33,313.175,0
2024-06-01,5.33,313.044,0
2024-07-01,5.33,313.569,0
2024-08-01,5.33,314.062,0
2024-09-01,5.13,314.732,0
2024-10-01,4.83,315.631,0
2024-11-01,4.64,316.528,0
2024-12-01,4.48,317.604,0
2025-01-01,4.33,318.961,0
2025-02-01,4.33,319.679,0
2025-03-01,4.33,319.785,0
2025-04-01,4.33,320.302,0
2025-05-01,4.33,320.620,0
2025-06-01,4.33,321.435,0
2025-07-01,4.33,322.169,0
2025-08-01,4.33,323.291,0
2025-09-01,4.22,324.245,0
2025-10-01,4.09,,0
2025-11-01,3.88,325.063,0
2025-12-01,3.72,326.031,0
2026-01-01,3.64,326.588,0
2026-02-01,3.64,327.460,0
2026-03-01,3.64,330.293,0
2026-04-01,3.64,332.407,0
2026-05-01,3.63,333.979,0
2026-06-01,3.63,332.568,0
2026-07-01,3.63,332.813,0
2026-08-01,3.63,334.131,0
